first_name,last_name,address,city,telephone
Joy,Lang,9533 Guy Lock,East Raymundoview,+5213519495564
Rylan,Leannon,322 Heidenreich Field Apt. 156,East Constantin,+8900167557816
Colin,Hahn,468 Zander Greens,Fredbury,+8631487125688
Damon,Walsh,372 D'angelo Falls,Blandafort,+2752126439548
Consuelo,Lang,878 Shields Underpass,Runolfsdottirton,+3777259217628
Alessia,Emmerich,32551 Alexandrine Plains Suite 597,Port D'angeloshire,+5590728290226
Vernie,Runte,34748 Sipes Spring Suite 132,Hudsonside,+7132065311944
Antoinette,Morar,22309 Clotilde Ford Suite 248,Port Katlyn,+4479748341571
Jerrod,Grady,856 Hershel Trace,Arnoldtown,+7232889742294
Eleanore,Berge,112 Sandra Spur Apt. 082,South Angeloland,+9902321736160
Rhea,Lang,89301 Koepp Plaza Suite 454,Port Emilioton,+4147945144541
Katheryn,Dicki,40799 Joey Orchard Apt. 291,Hicklefurt,+5643622668523
Felton,Pouros,767 Jones Grove,South Melyna,+2887967287430
Rico,Dietrich,39285 Jillian Manor,West Feltonbury,+5674838203203
Gladys,Lang,77119 Cullen Brooks Suite 561,South Kaleighchester,+2438891724082
Kimberly,Harvey,8818 Kuhn Meadow,North Pattie,+9212590346996
Amir,Marks,41696 Monahan Route,New Jarvis,+1253155505880
Damion,Luettgen,7706 Hank Pike Apt. 731,Gennaroville,+5127044901851
Lola,Funk,1166 Gussie Loaf Apt. 414,Lake Diannastad,+8144283455402
Archibald,Smith,765 Chyna Drive Suite 097,Mrazburgh,+3832920544097
Dalton,Goldner,18933 Bernard Centers,Hazelfort,+3115625572758
Kameron,Ruecker,78878 Gonzalo Extensions Suite 115,Kshlerinville,+3826300681406
Hildegard,Auer,901 Beahan Via Apt. 158,Raynormouth,+7966175291297
Wilson,Goldner,36560 Sanford Center,West Sadye,+4828609937580
Eleanore,Grant,74692 Mariah Curve,Fredericfurt,+8416184497231
Winifred,Brakus,486 Maryse Canyon,Jaedenland,+7080730839507
Tara,Hauck,477 Sam Plains,Wolfberg,+4335671439182
Branson,Upton,226 Bogisich Inlet Suite 491,Krysteltown,+9486190811903
Estella,Powlowski,5050 Esta Branch Suite 334,South Nicholausfort,+8721954436394
Gisselle,Strosin,5187 Bruen Camp,Port Markus,+7681369117490
Leopoldo,Hammes,4334 Cathrine Prairie Apt. 076,Karleybury,+5899167920061
Ladarius,Huels,1241 Kilback Valley Apt. 046,North Malikachester,+9673125243524
Linwood,Kerluke,26502 Jody Spurs,New Mackenziebury,+3310680096396
Rowland,Pollich,1191 Felton Curve Apt. 580,Port Francesport,+9286550145889
Ansel,Cremin,692 Elwin Causeway Suite 717,Port Randyville,+2540218743860
Shemar,Blanda,24297 Smitham Radial,Hermannland,+9436134388098
Ernestina,Beier,948 Carlos Vista Apt. 724,South Denisland,+2973887023301
Roxanne,Miller,5037 Arnaldo Drive Apt. 979,Lake Mallie,+4431066460747
Barry,Cole,48099 Gardner Camp,North Nikitaville,+7340169745513
Jacques,McGlynn,652 Grant Mountain Apt. 389,Carterborough,+7091155343979
Jarrell,Parisian,47090 Kris Cove Apt. 656,West Sandrinestad,+1160051980778
Dayana,Olson,642 Hilbert Route Suite 038,Dickinsonside,+3746839668990
Selina,Williamson,146 Lindgren Mission Apt. 346,Kirlinborough,+2971534519707
Zachery,Grant,460 Eulah Lane,North Justynmouth,+8715443190850
Sincere,Ferry,5672 Crona Falls,East Karellefurt,+5856008263445
