date,description,description_2
2020-08-14,cum,maiores
2020-03-23,quis,voluptatum
2020-10-22,consequatur,ut
2020-02-05,qui,repudiandae
2020-11-19,nesciunt,rem
2020-03-20,sed,unde
2020-04-12,reprehenderit,sit
2020-02-27,assumenda,ducimus
2020-09-19,reiciendis,quo
2020-12-20,praesentium,quaerat
2020-09-08,impedit,qui
2020-06-22,vitae,omnis
2020-10-27,ea,molestiae
2020-06-27,aut,voluptate
2020-07-12,quibusdam,sit
2020-01-27,voluptatem,quisquam
2020-07-29,ut,eos
2020-01-16,repellat,sed
2020-01-19,provident,magnam
2020-12-17,enim,laudantium
2020-07-01,ipsam,molestiae
2020-04-04,qui,nulla
2020-12-23,perspiciatis,debitis
2020-01-13,nostrum,fugiat
2020-10-13,assumenda,odio
2020-01-13,ab,minus
2020-04-21,fuga,exercitationem
2020-08-16,distinctio,quod
2020-04-04,a,repellat
1996-06-24,asperiores,dolores
2019-05-19,reiciendis,perferendis
2019-09-04,et,facere
2019-06-24,consequuntur,molestias
2019-01-21,tempore,qui
2019-07-14,quasi,aliquid
2019-08-27,aut,magnam
2019-08-10,dolorem,ipsam
2019-11-08,voluptas,autem
2019-12-29,est,aut
2019-08-09,eaque,est
2019-02-20,est,labore
2019-06-08,vel,ea
2019-02-05,quis,laudantium
2019-07-09,quasi,et
2019-08-09,illum,aliquid
2019-08-01,nostrum,minus
2019-05-06,facilis,atque
2019-03-12,esse,sit
2019-02-05,velit,sed
2019-04-10,saepe,nemo
2019-06-25,commodi,dolorum
2019-02-21,omnis,necessitatibus
2019-02-17,voluptas,voluptatibus
2019-03-08,sunt,corrupti
2019-10-17,non,harum
2018-12-25,sit,consequatur
2018-01-14,nostrum,dolorem
2018-12-28,velit,veniam
2018-11-06,autem,at
2018-07-05,et,magnam
2018-05-28,quibusdam,vero
2018-04-15,tempora,omnis
2018-08-23,aspernatur,accusamus
2018-05-30,temporibus,minima
2018-07-19,reiciendis,consequatur
2018-01-20,est,ut
2018-11-03,deleniti,harum
2018-02-26,quos,quisquam
2018-06-14,sed,quis
2018-02-07,laboriosam,molestiae
2018-05-04,vel,et
2018-10-08,temporibus,non
2018-12-24,voluptas,et
2018-02-16,eligendi,fuga
2018-03-30,ipsum,expedita
2018-09-07,ea,sunt
2018-01-25,ipsum,sequi
2018-04-24,dolore,tempora
2018-02-28,deleniti,sed
2018-11-19,iusto,voluptatibus
2018-06-09,dignissimos,magnam
2018-01-17,optio,omnis
2018-03-22,est,sequi
2018-02-05,molestiae,et
2018-05-30,voluptates,voluptate
2018-02-28,porro,et
2018-05-15,placeat,maxime
2018-03-23,nobis,sed
2018-05-08,et,delectus
2018-02-23,nesciunt,perspiciatis
2018-09-20,tenetur,explicabo
2018-04-28,soluta,asperiores
2018-12-17,et,ut
2018-04-19,et,eum
2021-01-20,corrupti,nobis
2021-09-19,sunt,magnam
2021-10-15,saepe,aliquid
2021-08-28,eos,voluptatem
2021-02-07,iure,qui
2021-03-31,voluptates,impedit
2017-05-18,dolorem,ut
2017-01-09,nostrum,eum
2017-07-14,aperiam,veritatis
2017-12-19,ut,voluptatem
2017-08-04,numquam,delectus
2017-09-28,est,suscipit
2017-11-19,amet,repudiandae
2017-02-15,reiciendis,molestiae
2017-11-07,neque,dolorem
2017-06-10,illo,animi
2017-11-09,et,libero
2017-10-29,id,voluptate
2017-04-18,officiis,nihil
2017-05-30,sed,exercitationem
2017-04-01,ut,saepe
2017-09-16,quos,nihil
2017-08-28,velit,ipsum
2017-09-20,veniam,tempora
2017-05-04,hic,odio
2017-02-10,nisi,autem
2017-03-20,enim,at
2017-12-27,et,dolorum
2017-01-02,voluptatibus,corrupti
2017-10-23,tempore,saepe
2017-06-20,deleniti,ut
2017-06-19,placeat,sint
2017-06-12,et,qui
2017-12-04,laboriosam,eos
2017-08-04,ducimus,atque
2017-04-26,ipsam,qui
2017-01-04,magni,qui
2017-02-19,ab,laudantium
2017-11-28,dolor,occaecati
2017-06-17,laboriosam,impedit
2017-02-21,quidem,quisquam
2017-11-10,sed,qui
2017-06-05,placeat,quia
2017-07-01,officia,eos
2017-07-17,assumenda,assumenda
2017-11-15,eos,quae
2017-06-24,occaecati,vel
2017-06-12,aperiam,nihil
2017-07-06,eaque,atque
2017-06-27,itaque,laborum
2017-04-22,sunt,repellat
2017-01-19,reiciendis,ea
2017-07-11,voluptate,officiis
2017-08-01,ad,ut
2017-02-02,est,dolores
2017-03-31,consequatur,est
2017-12-04,voluptatem,vero
2017-10-07,ipsam,blanditiis
2017-07-17,corrupti,cum
2017-06-17,quia,dolorem
2017-09-22,et,quo
2017-03-25,delectus,sunt
2017-08-12,velit,quasi
2017-10-07,debitis,rerum
2017-01-15,sit,voluptatum
2017-05-23,quaerat,alias
2017-08-20,provident,perspiciatis
2017-06-04,consequatur,natus
2017-11-02,ut,quia
2017-11-08,deleniti,quis
2017-09-06,ut,tempora
2017-05-31,nam,quae
2017-05-04,voluptates,ipsam
2017-05-11,est,et
2017-07-23,alias,nulla
2017-07-21,recusandae,ex
2017-08-22,aut,cumque
2017-01-07,quo,consequatur
2017-05-03,sed,voluptatibus
2017-10-19,mollitia,ut
2017-07-19,ratione,numquam
2017-09-28,quia,harum
2017-07-09,totam,ad
2017-01-03,aliquam,facere
2017-09-12,ab,aut
2017-07-11,est,aut
2017-01-23,eaque,et
2017-02-03,recusandae,placeat
2017-08-19,incidunt,autem
2017-09-30,quo,id
2017-02-14,laborum,commodi
2017-05-18,dolor,vel
2017-07-06,tempore,sed
2017-11-05,beatae,libero
2017-05-13,voluptatem,fuga
2017-07-16,voluptate,veniam
2017-10-21,quibusdam,reprehenderit
2017-08-16,qui,soluta
2017-11-11,dolorem,cupiditate
2017-06-20,eos,commodi
2017-11-25,quibusdam,molestiae
2017-08-03,officia,et
2017-12-04,aut,est
2017-08-25,enim,quidem
2017-09-12,est,nulla
2017-04-20,voluptas,maxime
2017-10-04,cupiditate,recusandae
2017-03-08,perspiciatis,omnis
2017-01-13,earum,aspernatur
2017-12-25,harum,omnis
2017-09-17,porro,ullam
2017-09-05,ipsa,nobis
2017-12-30,voluptatem,officiis
2017-06-16,rerum,dolorem
2017-03-08,illo,perferendis
2017-06-21,fugiat,quos
2017-02-01,minus,illum
2017-05-22,autem,ea
2017-10-21,nobis,praesentium
2017-04-24,qui,rerum
2017-08-08,aut,quia
2017-07-25,enim,qui
2020-05-18,dolor,nostrum
2020-02-26,laudantium,sunt
2020-11-29,nesciunt,assumenda
2020-01-21,sequi,rem
2020-07-13,dicta,labore
2020-10-17,et,dolorem
2020-01-14,consequatur,eos
2020-05-28,esse,perspiciatis
2020-06-26,ut,voluptates
2020-05-03,amet,accusamus
2020-12-09,fuga,sed
2020-08-26,sit,nulla
2020-07-29,sit,eligendi
2020-12-20,laudantium,corporis
2020-05-17,eum,quod
2020-01-13,tempora,omnis
2020-10-08,reprehenderit,est
2020-09-27,ut,est
2020-11-15,deserunt,dolores
2020-09-01,distinctio,at
2020-02-15,sunt,qui
